name,true_score,game,review_link,useless1,Site_address,useless12,useless13,useless14,,
Canadian Online Gamers,85,DG2: Defense Grid 2,http://canadianonlinegamers.com/review/defense-grid-2-ps4-review/,http:,canadianonlinegamers.com,review,defense-grid-2-ps4-review,,,
PSNStores,80,,http://www.psnstores.com/review/review-defense-grid-2/,,,,,,,
TheSixthAxis,80,,http://www.thesixthaxis.com/2014/10/22/defense-grid-2-review-ps4-xbox-one-pc/,,,,,,,
Game Revolution,80,,http://www.gamerevolution.com/review/defense-grid-2,,,,,,,
Push Square,80,,http://www.pushsquare.com/reviews/ps4/defense_grid_2,,,,,,,
PlayStation LifeStyle,80,,http://www.playstationlifestyle.net/2014/09/28/defense-grid-2-review-console-caliber-tower-defense-ps4/#/slide/1,,,,,,,
Playstation Universe,80,,http://www.psu.com/review/24754/Defense-Grid-2-Review--Towering-over-the-competition,,,,,,,
Playstation Official Magazine UK,70,,http://www.psx-sense.nl/176347/review-defense-grid-2/,,,,,,,
PSX-Sense.nl,60,,,,,,,,,
Eurogamer Portugal,100,Diablo III: Ultimate Evil Edition,http://www.eurogamer.pt/articles/2014-08-28-diablo-3-reaper-of-souls-ultimate-evil-edition-analise,http:,www.eurogamer.pt,articles,2014-08-28-diablo-3-reaper-of-souls-ultimate-evil-edition-analise,,,
Digital Spy,100,,http://www.digitalspy.com/gaming/review/a591892/diablo-3-ultimate-evil-edition-review-ps4-definitive-hack-n-slash-fest.html,,,,,,,
Quarter to Three,100,,http://www.quartertothree.com/fp/2014/08/19/go-diablo-iii-next-gen-living-room/,,,,,,,
God is a Geek,100,,http://www.godisageek.com/2014/08/diablo-iii-reaper-souls-ultimate-evil-edition-review/,,,,,,,
Gaming Age,100,,http://www.gaming-age.com/2014/08/diablo-iii-ultimate-evil-edition-review-ps4-xbox-one-ps3-xbox-360/,,,,,,,
USgamer,100,,http://www.usgamer.net/articles/diablo-iii-reaper-of-souls-ultimate-evil-edition-ps4-review-,,,,,,,
ActionTrip,97,,http://www.actiontrip.com/reviews/ps4/diablo-3-ultimate-evil-edition.phtml,,,,,,,
Playstation Official Magazine Australia,95,,http://www.gamerstemple.com/game-reviews/playstation-4/8272/diablo-iii-ultimate-evil-edition-review,,,,,,,
Gamers' Temple,95,,http://www.ztgd.com/reviews/diablo-iii-ultimate-evil-edition-ps4-review/,,,,,,,
ZTGD,95,,http://www.vandal.net/analisis/ps4/diablo-iii-reaper-of-souls-ultimate-evil-edition/20535/,,,,,,,
Vandal Online,95,,http://www.egmnow.com/articles/reviews/egm-review-diablo-iii-ultimate-evil-edition/,,,,,,,
EGM,95,,http://www.gameplanet.com.au/playstation-4/reviews/g53e9da849d9da/Diablo-III-Reaper-of-Souls-Ultimate-Evil-Edition-review/,,,,,,,
Gameplanet,95,,http://gamingtrend.com/reviews/diablo-iii-reaper-of-souls-ultimate-evil-edition-truly-is-the-best-version-of-d3/,,,,,,,
GamingTrend,95,,http://digitalchumps.com/game-reviews/352-playstation-4/d3uee-rv.html,,,,,,,
Digital Chumps,94,,http://www.laps3.com/analisis/412602-analisis_diablo_iii_ultimate_evil_edition.html,,,,,,,
LaPS4,93,,gameinformer.com/games/diablo_iii_reaper_of_souls/b/playstation4/archive/2014/08/14/diablo-iii-reaper-of-souls-ultimate-evil-edition-review-game-informer.aspx,,,,,,,
Game Informer,93,,http://www.ign.com/articles/2014/08/14/diablo-3-reaper-of-souls-ultimate-evil-edition-review,,,,,,,
Play UK,92,,http://cheatcc.com/ps4/rev/diablo3reaperofsoulsultimateevileditionreview.html,,,,,,,
IGN,92,,http://www.psxextreme.com/ps4-reviews/37.html,,,,,,,
Cheat Code Central,92,,http://it.ign.com/diablo-3-reaper-of-souls-ultimate-evil-edition/79767/review/diablo-3-uee-la-recensione,,,,,,,
Games Master UK,91,,http://www.ausgamers.com/games/diablo-3-reaper-of-souls-ultimate-evil-edition/review/,,,,,,,
PSX Extreme,91,,http://www.darkstation.com/reviews/diablo-iii-ultimate-evil-edition/,,,,,,,
IGN Italia,91,,http://www.gamecritics.com/mike-bracken/diablo-iii-ulitmate-evil-edition-review,,,,,,,
AusGamers,91,,http://www.gamereactor.dk/anmeldelser/231804/Diablo+III%3A+Ultimate+Evil+Edition/,,,,,,,
DarkStation,90,,http://www.torontosun.com/2014/09/02/diablo-iii-ultimate-evil-edition-review-pc-game-plays-great-on-consoles,,,,,,,
GameCritics,90,,http://www.eurogamer.es/articles/diablo-3-reaper-of-souls-ultimate-evil-edition-analisis,,,,,,,
Playstation Official Magazine UK,90,,http://www.psu.com/review/24481/Diablo-3--Ultimate-Evil-Edition-PS4-review--The-Ultimate-Dungeon-Crawler-,,,,,,,
Gamereactor Denmark,90,,http://gamestyle.com/review/diablo-iii-ultimate-evil-edition-review/,,,,,,,
Toronto Sun,90,,http://www.gameover.gr/reviews/item/28674-diablo-iii-ultimate-evil-edition,,,,,,,
Eurogamer Spain,90,,http://www.gamer.nl/review/497792/diablo-3-reaper-of-souls-ultimate-evil-edition,,,,,,,
Playstation Universe,90,,http://www.lazygamer.net/review/diablo-3-ultimate-evil-edition-review/,,,,,,,
Gamestyle,90,,http://worthplaying.com/article/2014/8/25/reviews/93311/,,,,,,,
GameOver.gr,90,,http://www.eurogamer.de/articles/2014-08-20-diablo-3-reaper-of-souls-ultimate-evil-edition-test,,,,,,,
Gamer.nl,90,,http://level7.nu/texter/read.php?id=225904,,,,,,,
Lazygamer,90,,http://www.thesixthaxis.com/2014/08/20/diablo-3-reaper-of-souls-ultimate-evil-edition-review/,,,,,,,
Worth Playing,90,,http://www.playstationlifestyle.net/2014/08/20/diablo-3-ps4-review-death-is-fun/#/slide/1,,,,,,,
Eurogamer Germany,90,,http://www.rpgfan.com/reviews/Diablo_III_Ultimate_Evil_Edition/index.html,,,,,,,
Level7.nu,90,,http://www.hardcoregamer.com/2014/08/20/review-diablo-iii-ultimate-evil-edition/99619/,,,,,,,
TheSixthAxis,90,,http://www.gamerevolution.com/review/diablo-iii-ultimate-evil-edition,,,,,,,
PlayStation LifeStyle,90,,http://www.pushsquare.com/reviews/ps4/diablo_iii_reaper_of_souls_ultimate_evil_edition,,,,,,,
RPG Fan,90,,http://www.gamespot.com/reviews/diablo-3-ultimate-evil-edition-review/1900-6415842/,,,,,,,
Hardcore Gamer,90,,http://www.eurogamer.it/articles/2014-08-15-diablo-iii-3-ultimate-evil-edition-reaper-of-souls-il-male-e-ancora-vivo-recensione-review,,,,,,,
Game Revolution,90,,http://www.eurogamer.net/articles/2014-08-12-diablo-3-ultimate-evil-edition-review,,,,,,,
Push Square,90,,http://www.gamingnexus.com/Article/4503/Diablo-III-Reaper-of-Souls-e28093-Ultimate-Evil-Edition/,,,,,,,
GameSpot,90,,http://www.videogamer.com/reviews/diablo_3_ultimate_evil_edition_review.html,,,,,,,
Eurogamer Italy,90,,http://www.escapistmagazine.com/articles/view/video-games/editorials/reviews/12093-Diablo-III-Ultimate-Evil-Edition-Review,,,,,,,
Eurogamer,90,,http://www.gameblog.fr/tests/2012-diablo-iii-reaper-of-souls-ps4,,,,,,,
Gaming Nexus,90,,http://www.merlininkazani.com/Diablo_III_Reaper_of_Souls_Ultimate_Evil_Edition-oyun_inceleme-76453p1.html,,,,,,,
VideoGamer,90,,http://www.xgn.nl/review/58561/diablo-iii-reaper-of-souls-ultimate-evil-edition,,,,,,,
The Escapist,90,,http://www.levelup.com/PlayStation-4/juegos/50437/Diablo-III-Ultimate-Evil-Edition/review,,,,,,,
Gameblog.fr,90,,http://www.spaziogames.it/recensioni_videogiochi/console_multi_piattaforma/16608/diablo-3-ultimate-evil-edition.aspx,,,,,,,
Merlin'in Kazan覺 (Turkey),89,,%20http://www.jeuxactu.com/test-diablo-3-reaper-of-souls-la-version-ps4-meilleure-que-sur-pc-94804.htm,,,,,,,
Pelit (Finland),88,,http://www.everyeye.it/ps4/articoli/diablo-iii-ultimate-evil-edition_recensione_23341,,,,,,,
XGN,85,,http://canadianonlinegamers.com/review/diablo-3-ultimate-evil-edition-review/,,,,,,,
LevelUp,85,,http://www.3djuegos.com/juegos/analisis/19342/0/diablo-iii-ultimate-evil-edition/,,,,,,,
SpazioGames,85,,http://nzgamer.com/reviews/2119/diablo-ultimate-evil-edition.html,,,,,,,
JeuxActu,85,,http://metro.co.uk/2014/08/19/diablo-iii-ultimate-evil-edition-review-mouse-vs-gamepad-4837671/,,,,,,,
Everyeye.it,85,,http://www.giantbomb.com/reviews/diablo-iii-reaper-of-souls-ultimate-evil-edition-r/1900-647/,,,,,,,
Canadian Online Gamers,85,,,,,,,,,
3DJuegos,85,,,,,,,,,
NZGamer,82,,,,,,,,,
Metro GameCentral,80,,,,,,,,,
Giant Bomb,80,,,,,,,,,
Gaming Age,91,Disney Infinity 2.0 Edition,http://www.gaming-age.com/2014/09/disney-infinity-marvel-super-heroes-2-0-edition-review/,http:,www.gaming-age.com,2014,9,disney-infinity-marvel-super-heroes-2-0-edition-review,,
EGM,90,,http://www.egmnow.com/articles/reviews/egm-review-disney-infinity-marvel-super-heroes-2-0-edition/,,,,,,,
Playstation Official Magazine Australia,90,,http://www.lazygamer.net/review/disney-infinity-2-0-marvel-super-heroes-review-make-mine-marvel/,,,,,,,
Lazygamer,84,,http://it.ign.com/disney-infinity-2-0-ps4/85708/review/disney-infinity-20-la-recensione,,,,,,,
IGN Italia,82,,http://nzgamer.com/reviews/2134/disney-infinity-2-0.html,,,,,,,
NZGamer,81,,http://www.gameover.gr/reviews/item/29211-disney-infinity-2-0-marvel-super-heroes,,,,,,,
GameOver.gr,80,,http://worthplaying.com/article/2014/9/29/reviews/93669/,,,,,,,
Play UK,80,,http://www.gamingnexus.com/Article/4544/Disney-Infinity-20/,,,,,,,
Worth Playing,80,,http://www.actiontrip.com/reviews/ps4/disney-infinity-20-edition-marvel-super-heroes.phtml,,,,,,,
Gaming Nexus,80,,http://www.hardcoregamer.com/2014/09/19/disney-infinity-marvel-super-heroes-2-0-edition/106122/,,,,,,,
ActionTrip,80,,http://www.gamerevolution.com/review/disney-infinity-marvel-super-heroes,,,,,,,
Hardcore Gamer,80,,http://www.gametrailers.com/reviews/caovu4/disney-infinity-2-0--marvel-super-heroes-review,,,,,,,
Game Revolution,80,,http://cheatcc.com/ps4/rev/disneyinfinitymarvelsuperheroesreview.html,,,,,,,
GameTrailers,80,,http://www.destructoid.com/review-disney-infinity-marvel-super-heroes-281121.phtml,,,,,,,
Cheat Code Central,80,,http://www.theguardian.com/technology/2014/sep/18/disney-infinity-marvel-super-heroes-review,,,,,,,
Destructoid,80,,http://www.gamerstemple.com/game-reviews/playstation-4/8949/disney-infinity-marvel-super-heroes-review,,,,,,,
Guardian,80,,http://www.pu.nl/artikelen/review/disney-infinity-20-marvel-super-heroes-starter-pack-review-2/,,,,,,,
Gamers' Temple,76,,http://www.gamestm.co.uk/reviews/disney-infinity-2-0-marvel-super-heroes-review/,,,,,,,
Power Unlimited,75,,http://multiplayer.it/recensioni/138395-disney-infinity-20-marvel-super-heroes-supereroi-infiniti.html,,,,,,,
GamesBeat,75,,http://www.psx-sense.nl/175919/review-disney-infinity-2-0-marvel-super-heroes/,,,,,,,
CD-Action,70,,http://www.torontosun.com/2014/09/24/disney-infinity-20-review-toy-box-mode-the-real-heart-of-the-experience,,,,,,,
Playstation Official Magazine UK,70,,http://www.thesixthaxis.com/2014/09/24/disney-infinity-2-0-marvel-super-heroes-review/,,,,,,,
games(TM),70,,http://www.eurogamer.it/articles/2014-09-22-disney-infinity-2-0-marvel-super-heroes-le-possibilita-sono-in-finite-review-recensione,,,,,,,
Multiplayer.it,70,,http://www.shacknews.com/article/86403/disney-infinity-marvel-super-heroes-review-true-believers,,,,,,,
PSX-Sense.nl,70,,http://www.telegraph.co.uk/technology/video-games/video-game-reviews/11112720/Disney-Infinity-2.0-Marvel-Super-Heroes-review.html,,,,,,,
Toronto Sun,70,,http://www.joystiq.com/2014/09/19/disney-infinity-2-0-marvel-super-heroes-review-super-friends/,,,,,,,
TheSixthAxis,70,,http://www.godisageek.com/2014/09/disney-infinity-2-marvel-super-heroes-review/,,,,,,,
Eurogamer Italy,70,,http://www.gamespot.com/reviews/disney-infinity-marvel-super-heroes-2-0-edition-re/1900-6415877/,,,,,,,
Shacknews,70,,http://www.ign.com/articles/2014/09/19/disney-infinity-20-marvel-super-heroes-review,,,,,,,
Telegraph,70,,http://www.gameinformer.com/games/disney_infinity_marvel_super_heroes/b/playstation4/archive/2014/09/18/artists-welcome-heroes-stay-away.aspx,,,,,,,
Joystiq,70,,http://www.pushsquare.com/reviews/ps4/disney_infinity_marvel_super_heroes_20_edition,,,,,,,
God is a Geek,70,,http://www.gamereactor.se/recensioner/196984/Disney+Infinity+2.0%3A+Marvel+Super+Heroes/,,,,,,,
GameSpot,70,,http://level7.nu/pages/Disney_Infinity_20_-_Marvel_Super_Heroes,,,,,,,
IGN,68,,http://www.digitalspy.com/gaming/review/a598091/disney-infinity-20-review-ps4-extensive-toy-box-mode-saves-the-day.html,,,,,,,
Game Informer,65,,http://www.gameplanet.com.au/playstation-4/reviews/g542a22db535a9/Disney-Infinity-Marvel-Super-Heroes-review/,,,,,,,
Push Square,60,,http://www.darkstation.com/reviews/disney-infinity-2-0-marvel-super-heroes/,,,,,,,
Gamereactor Sweden,60,,%20http://www.jeuxactu.com/test-disney-infinity-20-ps4-une-suite-revue-et-corrigee-95427.htm,,,,,,,
Level7.nu,60,,http://metro.co.uk/2014/09/19/disney-infinity-2-0-marvel-super-heroes-review-the-parent-trap-4874936/,,,,,,,
Digital Spy,60,,http://gamingtrend.com/reviews/disney-infinity-2-0-finite-amount-fun/,,,,,,,
Gameplanet,60,,http://www.gamesradar.com/disney-infinity-20-review/,,,,,,,
DarkStation,60,,http://www.slantmagazine.com/games/review/disney-infinity-2-0,,,,,,,
JeuxActu,60,,,,,,,,,
Metro GameCentral,60,,,,,,,,,
GamingTrend,50,,,,,,,,,
GamesRadar+,50,,,,,,,,,
Slant Magazine,30,,,,,,,,,
Slant Magazine,100,DmC: Devil May Cry Definitive Edition,http://www.slantmagazine.com/games/review/dmc-devil-may-cry-definitive-edition,http:,www.slantmagazine.com,games,review,dmc-devil-may-cry-definitive-edition,,
God is a Geek,95,,http://www.godisageek.com/reviews/dmc-devil-may-cry-definitive-edition-review/,,,,,,,
Gaming Age,91,,http://www.gaming-age.com/2015/03/dmc-devil-may-cry-definitive-edition-review-for-ps4-xbox-one/,,,,,,,
Gamer.nl,90,,http://www.gamer.nl/review/500555/dmc-devil-may-cry-definitive-edition-hack-and-slash-hemel,,,,,,,
Playstation Universe,90,,http://www.psu.com/review/26146/DmC--Devil-May-Cry--Definitive-Edition-PS4-Review,,,,,,,
Gaming Nexus,90,,http://www.gamingnexus.com/Article/4728/Devil-May-Cry-Definitive-Edition/,,,,,,,
VideoGamer,90,,http://www.videogamer.com/reviews/dmc_review_ps4.html,,,,,,,
USgamer,90,,http://www.usgamer.net/articles/dmc-definitive-edition-ps4-review-,,,,,,,
GameSpot,90,,http://www.gamespot.com/reviews/dmc-devil-may-cry-definitive-edition-review/1900-6416051/,,,,,,,
We Got This Covered,90,,http://wegotthiscovered.com/gaming/dmc-devil-may-cry-definitive-edition-review/,,,,,,,
XGN,90,,http://www.xgn.nl/review/dmc-devil-may-cry-definitive-edition-review,,,,,,,
Game Informer,90,,http://www.gameinformer.com/games/dmc_devil_may_cry_definitive_edition/b/playstation4/archive/2015/03/10/dmc-devil-may-cry-definitive-edition-review-game-informer.aspx,,,,,,,
Hobby Consolas,89,,http://www.hobbyconsolas.com/reviews/analisis-devil-may-cry-definitive-edition-112230,,,,,,,
IGN,89,,http://www.ign.com/articles/2015/03/10/dmc-devil-may-cry-definitive-edition-review,,,,,,,
IGN Italia,88,,http://it.ign.com/dmc-devil-may-cry-definitive-edition-ps4/94302/review/dmc-devil-may-cry-la-recensione-della-definitive-e,,,,,,,
InsideGamer.nl,87,,http://www.insidegamer.nl/recensies/116086/dmc-devil-may-cry-definitive-edition-review-60fpblablabla,,,,,,,
LevelUp,87,,http://www.levelup.com/PlayStation-4/juegos/308435/DmC-Definitive-Edition/review,,,,,,,
Digital Chumps,86,,http://digitalchumps.com/game-reviews/352-playstation-4/dmcde-rv.html,,,,,,,
PSX-Sense.nl,85,,http://www.psx-sense.nl/187142/review-dmc-devil-may-cry-definitive-edition/,,,,,,,
JeuxActu,85,,%20http://www.jeuxactu.com/test-dmc-definitive-edition-sur-ps4-et-xbox-one-97749.htm,,,,,,,
3DJuegos,85,,http://www.3djuegos.com/juegos/analisis/21103/0/dmc-devil-may-cry-definitive-edition/,,,,,,,
Arcade Sushi,85,,http://arcadesushi.com/dmc-devil-may-cry-definitive-edition-review-playstation-4/,,,,,,,
NZGamer,85,,http://nzgamer.com/reviews/2232/dmc-definitive-edition.html,,,,,,,
The Jimquisition,85,,http://www.thejimquisition.com/2015/03/dmc-devil-may-cry-definitive-edition-review/,,,,,,,
Impulsegamer,84,,http://www.impulsegamer.com/dmc-devil-may-cry-definitive-edition-ps4-review/,,,,,,,
Vandal Online,83,,http://www.vandal.net/analisis/ps4/dmc-definitive-edition/27642,,,,,,,
LaPS4,82,,http://www.laps4.com/analisis/418784-analisis_dmc_devil_may_cry_definitive_edition.html,,,,,,,
Digital Spy,80,,http://www.digitalspy.com/gaming/review/a636100/dmc-definitive-edition-review-ps4-more-than-just-the-typical-hd-remaster.html,,,,,,,
Merlin'in Kazan覺 (Turkey),80,,http://www.merlininkazani.com/DmC_Devil_May_Cry_Definite_Edition-oyun_inceleme-80418p1.html,,,,,,,
DarkZero,80,,http://darkzero.co.uk/game-reviews/dmc-devil-may-cry-definitive-edition-ps4/,,,,,,,
Metro GameCentral,80,,http://metro.co.uk/2015/03/13/dmc-devil-may-cry-definitive-edition-review-dantes-second-chance-5101411/,,,,,,,
Gamestyle,80,,http://gamestyle.com/review/dmc-devil-may-cry-definitive-edition-review/,,,,,,,
Digitally Downloaded,80,,http://www.digitallydownloaded.net/2015/03/review-dmc-devil-may-cry-definitive.html,,,,,,,
Twinfinite,80,,http://www.twinfinite.net/2015/03/10/dmc-devil-may-cry-definitive-edition-review/,,,,,,,
Everyeye.it,80,,http://www.everyeye.it/ps4/articoli/dmc-definitive-edition_recensione_25226,,,,,,,
Push Square,80,,http://www.pushsquare.com/reviews/ps4/dmc_devil_may_cry_-_definitive_edition,,,,,,,
GamesVillage.it,80,,http://www.gamesvillage.it/videogiochi/dmc-definitive-edition-recensione-review-ps4-xbox-one/,,,,,,,
Hardcore Gamer,80,,http://www.hardcoregamer.com/2015/03/10/review-dmc-devil-may-cry-definitive-edition/137844/,,,,,,,
Eurogamer Italy,80,,http://www.eurogamer.it/articles/2015-03-10-dmc-devil-may-cry-definitive-edition-recensione,,,,,,,
PlayStation LifeStyle,80,,http://www.playstationlifestyle.net/2015/03/10/dmc-definitive-edition-review-ps4-demon-killing-at-its-best/#/slide/1,,,,,,,
GamesRadar+,80,,http://www.gamesradar.com/dmc-devil-may-cry-definitive-edition-review/,,,,,,,
IGN Spain,77,,http://es.ign.com/dmc-devil-may-cry-definitive-edition-ps4-1/91731/review/dmc-definitive-edition-analisis-para-ps4-y-xbox-on,,,,,,,
Level7.nu,70,,http://level7.nu/texter/read.php?id=229388,,,,,,,
Atomix,70,,http://atomix.vg/2015/03/10/review-dmc-devil-may-cry-definitive-edition/,,,,,,,
Polygon,85,Doki-Doki Universe,http://www.polygon.com/2013/12/12/5203276/doki-doki-universe-review-have-a-heart,http:,www.polygon.com,2013,12,12,5203276,doki-doki-universe-review-have-a-heart
IGN Italia,80,,http://it.ign.com/recensione/10862/recensione-ps4-ps3-psvita-doki-doki-universe,,,,,,,
Joystiq,80,,http://www.joystiq.com/2013/12/10/doki-doki-universe-review-love-machine/,,,,,,,
Games Master UK,78,,http://www.ztgd.com/reviews/doki-doki-universe/,,,,,,,
ZTGD,78,,http://www.xgn.nl/ps4/review/53169/doki-doki-universe/,,,,,,,
XGN,75,,http://www.everyeye.it/ps4/articoli/doki-doki-universe_recensione_21289,,,,,,,
Everyeye.it,75,,http://www.gameinformer.com/games/doki-doki_universe/b/playstation4/archive/2013/12/13/humanature-39-s-whimsical-adventure-is-far-from-robotic.aspx,,,,,,,
Game Informer,75,,http://www.gamingnexus.com/Article/Doki-Doki-Universe/Item4277.aspx,,,,,,,
Gaming Nexus,74,,http://worthplaying.com/article/2014/3/5/reviews/91558/,,,,,,,
Worth Playing,70,,http://www.psx-sense.nl/155433/review-doki-doki-universe/,,,,,,,
Playstation Official Magazine Australia,70,,http://www.gamer.nl/review/444475/doki-doki-universe,,,,,,,
PSX-Sense.nl,70,,http://www.officialplaystationmagazine.co.uk/review/doki-doki-universe-ps4-review-cuddly-love-manifesto-in-robot-adventure-form/,,,,,,,
Gamer.nl,70,,http://gamestyle.com/review/doki-doki-universe-review/,,,,,,,
Playstation Official Magazine UK,70,,http://metro.co.uk/2013/12/17/doki-doki-universe-review-the-human-factor-4234243/,,,,,,,
Gamestyle,70,,http://www.gamesradar.com/doki-doki-universe-review/,,,,,,,
Metro GameCentral,70,,http://www.ign.com/articles/2013/12/12/doki-doki-universe-review,,,,,,,
GamesRadar+,70,,http://www.gamespot.com/reviews/doki-doki-universe-review/1900-6415593/,,,,,,,
IGN,70,,http://www.destructoid.com/review-doki-doki-universe-267156.phtml,,,,,,,
GameSpot,70,,http://www.insidegamer.nl/recensies/108844/doki-doki-universe-naar-de-psyche-en-daar-voorbij,,,,,,,
Destructoid,70,,http://www.laps3.com/analisis/403107-analisis_doki_doki_universe_ps4.html,,,,,,,
InsideGamer.nl,68,,http://www.pushsquare.com/reviews/ps4/doki_doki_universe,,,,,,,
LaPS4,68,,http://www.eurogamer.pt/articles/2013-12-12-doki-doki-universe-analise,,,,,,,
Push Square,60,,http://www.edge-online.com/review/doki-doki-universe-review/,,,,,,,
Eurogamer Portugal,60,,http://www.psu.com/a021964/Doki-Doki-Universe-Review,,,,,,,
Edge Magazine,60,,http://www.playstationlifestyle.net/2013/12/10/doki-doki-universe-review-ps4/,,,,,,,
Playstation Universe,60,,http://www.slantmagazine.com/games/review/doki-doki-universe,,,,,,,
PlayStation LifeStyle,55,,,,,,,,,
Slant Magazine,50,,,,,,,,,
Digitally Downloaded,90,Don Bradman Cricket 14,http://www.digitallydownloaded.net/2015/02/review-don-bradman-cricket-sony.html,http:,www.digitallydownloaded.net,2015,2,review-don-bradman-cricket-sony.html,,
NZGamer,70,,http://nzgamer.com/reviews/2231/don-bradman-cricket.html,,,,,,,
Playstation Official Magazine Australia,90,Don't Starve: Console Edition,https://www.gamereactor.dk/anmeldelser/196804/Don%27t+Starve/,https:,www.gamereactor.dk,anmeldelser,196804,Don%27t+Starve,,
Gamereactor Denmark,90,,http://www.godisageek.com/2014/01/starve-console-edition-review/,,,,,,,
God is a Geek,90,,http://www.officialplaystationmagazine.co.uk/review/dont-starve-ps3-review-official-playstation-magazine-scor/,,,,,,,
Playstation Official Magazine UK,90,,http://www.nowgamer.com/ps4/ps4-review/2231667/dont_starve_review.html,,,,,,,
NowGamer,90,,http://www.ztgd.com/reviews/dont-starve-ps4/,,,,,,,
ZTGD,88,,http://cheatcc.com/ps4/rev/dontstarvereview.html,,,,,,,
Cheat Code Central,86,,http://www.everyeye.it/ps4/articoli/don-t-starve-console-edition_recensione_21463,,,,,,,
Everyeye.it,85,,http://www.3djuegos.com/juegos/analisis/16662/0/dont-starve/,,,,,,,
3DJuegos,85,,http://www.psu.com/a022153/Dont-Starve-PS4-Review,,,,,,,
Playstation Universe,85,,http://www.vandal.net/analisis/ps4/dont-starve-psn/22784,,,,,,,
Vandal Online,85,,http://level7.nu/texter/read.php?id=222688,,,,,,,
Games Master UK,84,,http://gaming.thedigitalfix.com/content/id/2228/dont-starve-console-edition.html,,,,,,,
Play UK,81,,http://www.psx-sense.nl/156709/review-dont-starve/,,,,,,,
Level7.nu,80,,http://multiplayer.it/recensioni/127510-dont-starve-nella-gran-foresta-nera.html,,,,,,,
The Digital Fix,80,,http://www.hardcoregamer.com/2014/01/17/review-dont-starve-ps4/70204/,,,,,,,
PSX-Sense.nl,80,,http://www.eurogamer.net/articles/2014-01-15-dont-starve-review,,,,,,,
Multiplayer.it,80,,http://www.laps3.com/analisis/406160-analisis_dont_starve.html,,,,,,,
Hardcore Gamer,80,,http://www.lazygamer.net/general-news/dont-starve-console-edition-review/,,,,,,,
Edge Magazine,80,,http://it.ign.com/recensione/11897/la-dieta-garantita-di-don-t-starve,,,,,,,
LaPS4,77,,http://www.xgn.nl/ps4/review/53885/dont-starve/,,,,,,,
Lazygamer,77,,http://www.4players.de/4players.php/dispbericht/PlayStation4/Test/32852/80245/0/Dont_Starve.html,,,,,,,
IGN Italia,75,,http://www.spaziogames.it/recensioni_videogiochi/console_playstation_ps4/15692/don-t-starve.aspx,,,,,,,
XGN,75,,http://www.ign.com/articles/2014/01/14/dont-starve-ps4-review-2,,,,,,,
4Players.de,75,,http://www.eurogamer.pt/articles/2014-01-11-dont-starve-console-edition-analise,,,,,,,
SpazioGames,75,,http://www.gamespot.com/reviews/don-t-starve-console-edition-review/1900-6415632/,,,,,,,
IGN,75,,http://www.eurogamer.de/articles/2014-01-16-dont-starve-console-edition-test,,,,,,,
Eurogamer Portugal,70,,http://www.pushsquare.com/reviews/ps4/dont_starve,,,,,,,
GameSpot,70,,http://www.egmnow.com/articles/reviews/egm-review-dont-starve/,,,,,,,
Eurogamer Germany,70,,http://www.eurogamer.it/articles/2014-01-14-the-banner-saga-review-recensione,,,,,,,
Push Square,70,,http://www.escapistmagazine.com/articles/view/editorials/reviews/10899-Dont-Starve-Console-Edition-Review-PlayStarvation,,,,,,,
EGM,70,,http://www.ausgamers.com/games/dont-starve/review/,,,,,,,
Eurogamer Italy,70,,http://www.gameover.gr/reviews/item/26721-don-t-starve,,,,,,,
The Escapist,70,,http://metro.co.uk/2014/01/09/dont-starve-console-edition-review-free-meal-4255542/,,,,,,,
AusGamers,70,,,,,,,,,
GameOver.gr,60,,,,,,,,,
Metro GameCentral,60,,,,,,,,,
Digitally Downloaded,100,Dragon Age: Inquisition,http://www.digitallydownloaded.net/2014/11/review-dragon-age-inquisition-sony.html,http:,www.digitallydownloaded.net,2014,11,review-dragon-age-inquisition-sony.html,,
Game Revolution,100,,http://www.gamerevolution.com/review/dragon-age-3-inquisition,,,,,,,
ZTGD,100,,http://www.ztgd.com/reviews/dragon-age-inquisition-ps4-review/,,,,,,,
Joystiq,100,,http://digitalchumps.com/game-reviews/352-playstation-4/dragon-age-inquisition.html,,,,,,,
Digital Chumps,98,,http://www.impulsegamer.com/dragon-age-inquisition-ps4-review/,,,,,,,
Impulsegamer,96,,http://www.psx-sense.nl/181101/review-dragon-age-inquisition/,,,,,,,
PSX-Sense.nl,95,,http://www.psxextreme.com/ps4-reviews/48.html,,,,,,,
PSX Extreme,95,,http://canadianonlinegamers.com/review/dragon-age-inquisition-review/,,,,,,,
Canadian Online Gamers,95,,http://www.psu.com/review/25150/Dragon-Age--Inquisition-Review--quite-easily-the-best-RPG-of-the-year,,,,,,,
Playstation Universe,95,,http://www.meristation.com/playstation-4/dragon-age-inquisition/analisis-juego/1872501,,,,,,,
Meristation,95,,http://business.financialpost.com/2014/11/11/dragon-age-inquisition-review-eighty-hours-with-probably-the-best-game-of-2014/?__lsa=f779-6065,,,,,,,
Post Arcade (National Post),95,,http://www.gameinformer.com/games/dragon_age_inquisition/b/playstation4/archive/2014/11/11/dragon-age-inquisition-review-game-informer.aspx,,,,,,,
Game Informer,95,,http://www.polygon.com/2014/11/11/7134385/dragon-age-inquisition-review-ps4-xbox-one-playstation-4-pc,,,,,,,
Polygon,95,,http://www.merlininkazani.com/Dragon_Age_Inquisition-oyun_inceleme-78304p1.html,,,,,,,
Merlin'in Kazan覺 (Turkey),92,,http://level7.nu/texter/read.php?id=227754,,,,,,,
Level7.nu,90,,http://gamestyle.com/review/dragon-age-inquisition-review/,,,,,,,
Gamestyle,90,,http://www.pushsquare.com/reviews/ps4/dragon_age_inquisition,,,,,,,
Push Square,90,,http://www.laps4.com/analisis/415790-analisis_dragon_age_inquisition_ps4_.html,,,,,,,
LaPS4,90,,http://www.rpgamer.com/games/dragonage/dragonage3/reviews/dragonage3strev1.html,,,,,,,
RPGamer,90,,http://www.usgamer.net/articles/dragon-age-inquisition-ps4-review,,,,,,,
USgamer,90,,http://www.shacknews.com/article/87087/dragon-age-inquisition-review-respect-the-inquisition,,,,,,,
Shacknews,90,,http://www.gamingnexus.com/Article/4623/Dragon-Age-Inquisition/,,,,,,,
Gaming Nexus,90,,http://www.gamespot.com/reviews/dragon-age-inquisition-review/1900-6415949/,,,,,,,
GameSpot,90,,http://www.pelit.fi/dragon-age-inquisition/,,,,,,,
Pelit (Finland),89,,http://it.ign.com/dragon-age-iii-ps3/90377/review/la-recensione-di-dragon-age-inquisition,,,,,,,
IGN Italia,88,,http://www.ign.com/articles/2014/11/11/dragon-age-inquisition-review,,,,,,,
IGN,88,,http://venturebeat.com/2014/11/11/dragon-age-inquisition-review/view-all/,,,,,,,
GamesBeat,87,,http://www.vandal.net/analisis/ps4/dragon-age-inquisition/21315,,,,,,,
Games Master UK,86,,http://worthplaying.com/article/2014/11/12/reviews/94109/,,,,,,,
Playstation Official Magazine Australia,85,,http://www.destructoid.com/review-dragon-age-inquisition-283093.phtml,,,,,,,
Vandal Online,85,,http://www.slantmagazine.com/games/review/dragon-age-inquisition,,,,,,,
Worth Playing,85,,%20http://www.jeuxactu.com/test-dragon-age-inquisition-sur-ps4-et-xbox-one-96134.htm,,,,,,,
Destructoid,85,,http://www.gamesradar.com/dragon-age-inquisition-review/,,,,,,,
Play UK,84,,http://www.videogamer.com/reviews/dragon_age_inquisition_review.html,,,,,,,
Playstation Official Magazine UK,80,,http://www.digitalspy.com/gaming/review/a609153/dragon-age-inquisition-review-ps4-a-rewarding-and-reactive-world.html#~oViprJo4bIfvIb,,,,,,,
Slant Magazine,80,,http://www.cheatcc.com/ps4/rev/dragonageinquisitionreview.html,,,,,,,
JeuxActu,80,,http://killscreendaily.com/articles/dragon-age-inquisition-all-business/,,,,,,,
GamesRadar+,80,,,,,,,,,
VideoGamer,80,,,,,,,,,
Digital Spy,80,,,,,,,,,
Cheat Code Central,76,,,,,,,,,
Kill Screen,75,,,,,,,,,
Gamereactor Sweden,70,,,,,,,,,
NZGamer,89,Dragon Ball: Xenoverse,http://nzgamer.com/reviews/2238/dragon-ball-xenoverse.html,http:,nzgamer.com,reviews,2238,dragon-ball-xenoverse.html,,
Gaming Age,83,,http://www.gaming-age.com/2015/02/dragon-ball-xenoverse-review-for-ps4-xbox-one-pc/,,,,,,,
Impulsegamer,80,,http://www.impulsegamer.com/dragon-ball-z-xenoverse-ps4-review/,,,,,,,
SpazioGames,80,,http://www.spaziogames.it/recensioni_videogiochi/console_multi_piattaforma/17495/dragonball-xenoverse.aspx,,,,,,,
IGN Italia,80,,http://it.ign.com/dragon-ball-xenoverse-ps4/93749/review/luniversale-dragon-ball-xenoverse,,,,,,,
Cheat Code Central,80,,http://www.cheatcc.com/ps4/rev/dragonballxenoversereview.html,,,,,,,
Hobby Consolas,80,,http://www.hobbyconsolas.com/reviews/analisis-dragon-ball-xenoverse-ps4-111048,,,,,,,
Push Square,80,,http://www.pushsquare.com/reviews/ps4/dragon_ball_xenoverse,,,,,,,
Multiplayer.it,78,,http://multiplayer.it/recensioni/145912-dragon-ball-xenoverse-un-mondo-di-saiyan.html,,,,,,,
PSX-Sense.nl,75,,http://www.psx-sense.nl/187788/review-dragon-ball-xenoverse/,,,,,,,
Playstation Universe,75,,http://www.psu.com/review/26213/Dragon-Ball-Xenoverse-PS4-Review,,,,,,,
ZTGD,75,,http://www.ztgd.com/dragon-ball-xenoverse/review/,,,,,,,
Canadian Online Gamers,75,,http://canadianonlinegamers.com/review/dragon-ball-xenoverse-review/,,,,,,,
InsideGamer.nl,75,,http://www.insidegamer.nl/recensies/115961/dragon-ball-xenoverse-review-ballen-met-draken,,,,,,,
Game Informer,75,,http://www.gameinformer.com/games/dragon_ball_xenoverse/b/playstation4/archive/2015/02/27/a-new-face-in-a-familiar-setting.aspx,,,,,,,
Lazygamer,75,,http://www.lazygamer.net/review/dragon-ball-xenoverse-review-goten-out-of-hand/,,,,,,,
IGN Spain,75,,http://es.ign.com/dragon-ball-xenoverse-ps4/91280/review/dragon-ball-xenoverse-analisis-ps4-one-360-ps3-y-p,,,,,,,
3DJuegos,75,,http://www.3djuegos.com/juegos/analisis/19373/0/dragon-ball-xenoverse/,,,,,,,
Meristation,75,,http://www.meristation.com/playstation-4/dragon-ball-xenoverse/analisis-juego/1979689,,,,,,,
LaPS4,74,,http://www.laps4.com/analisis/418423-analisis_dragon_ball_xenoverse.html,,,,,,,
Vandal Online,72,,http://www.vandal.net/analisis/ps4/dragon-ball-xenoverse/24456,,,,,,,
The Digital Fix,70,,http://gaming.thedigitalfix.com/content/id/2869/dragon-ball-xenoverse.html,,,,,,,
Gamer.nl,70,,http://www.gamer.nl/review/500511/dragon-ball-xenoverse-mmodbz,,,,,,,
Worth Playing,70,,http://worthplaying.com/article/2015/3/13/reviews/95258/,,,,,,,
Level7.nu,70,,http://level7.nu/texter/read.php?id=229168,,,,,,,
We Got This Covered,70,,http://wegotthiscovered.com/gaming/dragon-ball-xenoverse-review/,,,,,,,
Softpedia,70,,http://www.softpedia.com/reviews/games/playstation-4/Dragon-Ball-Xenoverse-Review-474753.shtml,,,,,,,
Hardcore Gamer,70,,http://www.hardcoregamer.com/2015/03/03/review-dragon-ball-xenoverse/137201/,,,,,,,
Atomix,70,,http://atomix.vg/2015/02/28/review-dragon-ball-xenoverse/,,,,,,,
Game Revolution,70,,http://www.gamerevolution.com/review/dragon-ball-xenoverse,,,,,,,
PlayStation LifeStyle,70,,http://www.playstationlifestyle.net/2015/02/24/dragon-ball-xenoverse-review-ps4-yamcha-goku/#/slide/1,,,,,,,
GamesVillage.it,70,,http://www.gamesvillage.it/videogiochi/dragon-ball-xenoverse-recensione-review-ps3-ps4-xbox-one-360-pc/,,,,,,,
LevelUp,68,,http://www.levelup.com/PlayStation-4/juegos/277923/Dragon-Ball-Xenoverse/review,,,,,,,
Everyeye.it,68,,http://www.everyeye.it/ps4/articoli/dragon-ball-xenoverse_recensione_25053,,,,,,,
GameOver.gr,60,,http://www.gameover.gr/reviews/item/30344-dragon-ball-xenoverse,,,,,,,
GameSpot,60,,http://www.gamespot.com/reviews/dragon-ball-xenoverse-review/1900-6416054/,,,,,,,
Slant Magazine,60,,http://www.slantmagazine.com/games/review/dragon-ball-xenoverse,,,,,,,
TheSixthAxis,60,,http://www.thesixthaxis.com/2015/03/04/dragon-ball-xenoverse-review/,,,,,,,
GameTrailers,60,,http://www.gametrailers.com/reviews/yrx95w/dragon-ball-xenoverse-review,,,,,,,
Eurogamer Poland,60,,http://www.eurogamer.pl/articles/2015-03-02-dragon-ball-xenoverse-recenzja,,,,,,,
GRYOnline.pl,60,,http://www.gry-online.pl/S020.asp?ID=10301,,,,,,,
JeuxActu,60,,%20http://www.jeuxactu.com/test-dragon-ball-xenoverse-sur-ps4-97569.htm,,,,,,,
4Players.de,60,,http://www.4players.de/4players.php/dispbericht/PlayStation4/Test/35856/80991/0/DragonBall_Xenoverse.html,,,,,,,
Metro GameCentral,60,,http://metro.co.uk/2015/02/25/dragon-ball-xenoverse-review-alternative-history-5079014/,,,,,,,
God is a Geek,60,,http://www.godisageek.com/reviews/dragon-ball-xenoverse-review/,,,,,,,
Playstation Universe,95,Driveclub,http://www.psu.com/review/24853/DRIVECLUB-Review--Greatness-arrives,http:,www.psu.com,review,24853,DRIVECLUB-Review--Greatness-arrives,,
Gaming Age,91,,http://www.gaming-age.com/2014/10/driveclub-review-ps4/,,,,,,,
Playstation Official Magazine UK,90,,http://gamingtrend.com/reviews/first-rule-driveclub-driveclub-review/,,,,,,,
GamingTrend,90,,http://www.gametrailers.com/reviews/5v3t3a/driveclub-review,,,,,,,
GameTrailers,86,,http://multiplayer.it/recensioni/138631-driveclub-il-mio-club-e-meglio-del-tuo.html,,,,,,,
Multiplayer.it,85,,http://www.xgn.nl/review/61227/driveclub,,,,,,,
XGN,85,,http://www.vandal.net/analisis/ps4/driveclub/20530,,,,,,,
Vandal Online,85,,http://www.gamestm.co.uk/reviews/driveclub-review/,,,,,,,
Games Master UK,80,,http://digitalchumps.com/game-reviews/352-playstation-4/driveclub.html,,,,,,,
games(TM),80,,http://games.tiscali.cz/recenze/driveclub-recenze-243694,,,,,,,
Digital Chumps,80,,http://www.theguardian.com/technology/2014/oct/08/driveclub-review-sony-playstation-4,,,,,,,
Games.cz,80,,%20http://www.jeuxactu.com/test-driveclub-sur-ps4-95624.htm,,,,,,,
Guardian,80,,http://it.ign.com/drive-club-ps4/86035/review/driveclub-linaugurazione-e-la-recensione,,,,,,,
JeuxActu,80,,http://venturebeat.com/2014/10/07/driveclubs-fast-finicky-and-difficult-and-the-best-racer-for-playstation-4-review/view-all/,,,,,,,
IGN Italia,80,,http://www.3djuegos.com/juegos/analisis/15706/0/driveclub/,,,,,,,
GamesBeat,80,,http://www.gamer.nl/review/498413/driveclub-uitstekende-coureur-met-irritante-bijrijders,,,,,,,
3DJuegos,80,,http://www.insidegamer.nl/recensies/113807/driveclub-review-pgr-voor-de-nieuwe-generatie,,,,,,,
Gamer.nl,80,,http://www.eurogamer.pt/articles/2014-10-07-driveclub-analise,,,,,,,
InsideGamer.nl,80,,http://www.eurogamer.it/articles/2014-10-07-driveclub-il-lato-social-della-velocita-review-recensione,,,,,,,
Eurogamer Portugal,80,,http://www.meristation.com/playstation-4/driveclub/analisis-juego/1841144,,,,,,,
Eurogamer Italy,80,,http://www.thesixthaxis.com/2014/10/07/driveclub-review/,,,,,,,
Meristation,80,,http://www.ztgd.com/reviews/driveclub-ps4-review/,,,,,,,
TheSixthAxis,80,,http://www.digitalspy.com/gaming/review/a601749/driveclub-review-ps4-a-simple-and-straightforward-stunner.html,,,,,,,
ZTGD,80,,http://www.videogamer.com/reviews/driveclub_review.html,,,,,,,
Digital Spy,80,,http://www.gamesradar.com/driveclub-review,,,,,,,
VideoGamer,80,,http://www.ign.com/articles/2014/10/07/driveclub-review,,,,,,,
GamesRadar+,80,,http://www.pu.nl/artikelen/review/driveclub-review/,,,,,,,
IGN,79,,http://www.gameinformer.com/games/driveclub/b/playstation4/archive/2014/10/07/game-informer-driveclub-review.aspx?utm_content=buffer815e6&utm_medium=social&utm_source=twitter.com&utm_campaign=buffer,,,,,,,
Power Unlimited,78,,http://www.psxextreme.com/ps4-reviews/43.html,,,,,,,
Game Informer,78,,http://www.godisageek.com/reviews/driveclub-review/,,,,,,,
Play UK,77,,http://www.merlininkazani.com/Driveclub-oyun_inceleme-77444p1.html,,,,,,,
Pelit (Finland),77,,http://www.levelup.com/PlayStation-4/juegos/46813/DriveClub/review,,,,,,,
PSX Extreme,76,,http://www.lazygamer.net/review/driveclub-review/,,,,,,,
Playstation Official Magazine Australia,75,,http://www.softpedia.com/reviews/games/playstation-4/DriveClub-Review-461314.shtml,,,,,,,
God is a Geek,75,,http://www.laps3.com/analisis/414416-analisis_driveclub.html,,,,,,,
Merlin'in Kazan覺 (Turkey),75,,http://www.gameover.gr/reviews/item/29091-driveclub,,,,,,,
LevelUp,75,,http://www.everyeye.it/ps4/articoli/driveclub_recensione_23811,,,,,,,
Lazygamer,75,,http://www.playstationlifestyle.net/2014/10/07/driveclub-review/#/slide/1,,,,,,,
Softpedia,75,,http://www.destructoid.com/review-driveclub-281989.phtml,,,,,,,
LaPS4,75,,http://www.polygon.com/2014/10/7/6570539/driveclub-review-ps4-playstation-4,,,,,,,
GameOver.gr,75,,http://www.cheatcc.com/ps4/rev/driveclubreview.html,,,,,,,
Everyeye.it,75,,http://www.psx-sense.nl/176973/review-driveclub/,,,,,,,
PlayStation LifeStyle,75,,http://www.pushsquare.com/reviews/ps4/driveclub,,,,,,,
Destructoid,75,,http://www.gameplanet.com.au/playstation-4/reviews/g5445e4fc12934/Driveclub-review/,,,,,,,
Polygon,75,,http://www.game-over.com/content/2014/10/driveclub/,,,,,,,
Cheat Code Central,74,,http://www.digitallydownloaded.net/2014/10/review-driveclub-ps4.html,,,,,,,
CD-Action,70,,http://www.gamer.no/artikler/anmeldelse-driveclub/164151,,,,,,,
PSX-Sense.nl,70,,http://business.financialpost.com/2014/10/07/driveclub-review-sonys-ambitious-social-racer-is-a-strong-foundation-minus-the-building/,,,,,,,
Edge Magazine,70,,http://www.eurogamer.es/articles/analisis-de-driveclub-ps4,,,,,,,
Push Square,70,,http://www.gameblog.fr/tests/2071-driveclub-ps4,,,,,,,
Gameplanet,70,,http://level7.nu/pages/Driveclub,,,,,,,
Game Over Online,70,,http://www.usgamer.net/articles/driveclub-ps4-review-,,,,,,,
Digitally Downloaded,70,,http://canadianonlinegamers.com/review/driveclub-ps4-review/,,,,,,,
Gamer.no,70,,http://nzgamer.com/reviews/2150/driveclub.html,,,,,,,
Post Arcade (National Post),70,,http://gamestyle.com/review/driveclub-review/,,,,,,,
Eurogamer Spain,70,,http://www.impulsegamer.com/driveclub-ps4-review/,,,,,,,
Gameblog.fr,70,,http://www.eurogamer.de/articles/2014-10-28-driveclub-test-multiplayer-und-wertung,,,,,,,
Shacknews,70,,http://www.gry-online.pl/S020.asp?ID=10025,,,,,,,
Level7.nu,70,,http://darkzero.co.uk/game-reviews/driveclub-ps4/,,,,,,,
USgamer,70,,http://www.telegraph.co.uk/technology/video-games/video-game-reviews/11168914/DriveClub-review.html,,,,,,,
Canadian Online Gamers,65,,http://www.quartertothree.com/fp/2014/10/18/hey-driveclub-bad-game-still-cant-quite-get-starting-line/,,,,,,,
NZGamer,65,,http://www.egmnow.com/articles/reviews/egm-review-driveclub/,,,,,,,
Game World Navigator Magazine,63,,http://www.gamereactor.se/recensioner/194774/Driveclub/,,,,,,,
LEVEL (Czech Republic),60,,http://www.gamerevolution.com/review/driveclub,,,,,,,
Gamestyle,60,,http://www.eurogamer.net/articles/2014-10-07-driveclub-review,,,,,,,
Impulsegamer,60,,http://gaming.thedigitalfix.com/content/id/2639/driveclub.html,,,,,,,
Eurogamer Germany,60,,http://www.slantmagazine.com/games/review/driveclub,,,,,,,
GRYOnline.pl,60,,http://www.4players.de/4players.php/dispbericht/PlayStation4/Test/34427/79994/0/DriveClub.html,,,,,,,
DarkZero,60,,http://metro.co.uk/2014/10/07/driveclub-review-driving-penalty-4895912/,,,,,,,
Telegraph,60,,http://www.hardcoregamer.com/2014/10/07/review-driveclub/109886/,,,,,,,
Quarter to Three,60,,http://www.gamespot.com/reviews/driveclub-review/1900-6415900/,,,,,,,
EGM,60,,http://www.giantbomb.com/reviews/driveclub-review/1900-677/,,,,,,,
Gamereactor Sweden,60,,,,,,,,,
Game Revolution,60,,,,,,,,,
Joystiq,60,,,,,,,,,
Eurogamer,60,,,,,,,,,
Hyper Magazine,50,,,,,,,,,
The Digital Fix,50,,,,,,,,,
Slant Magazine,50,,,,,,,,,
4Players.de,50,,,,,,,,,
Metro GameCentral,50,,,,,,,,,
Hardcore Gamer,50,,,,,,,,,
GameSpot,50,,,,,,,,,
Giant Bomb,40,,,,,,,,,